case_id,url_defanged,url_sha256,registrable_domain_defanged,first_seen,last_seen,state,target_alias,target_sector,vector,kit_family,registrar,asn,country,taken_down_at,hours_to_takedown,tags_fixed,tlp
PH-2026-00016,hxxps://gurugantimystepjawatan[.]weebly[.]com/,8879501bb58701800c1d814f6e02a7ba5345b6c98fc4442df8c14e19e878f411,gurugantimystepjawatan[.]weebly[.]com,1791420687,1791420687,reported,Blue Government Service,gov,telegram,,,AS27647,US,,,hosting:free-host misp:fake-website,tlp:clear
PH-2026-00015,hxxps://tng-qr-ewallet-qr31[.]x-vvip[.]my[.]id/,3375f27ba8751a503e6a7149774bc3cf2600b0dc53a68f415c0e9b68351259ed,x-vvip[.]my[.]id,1791280425,1791280425,down,Slate E-Wallet,ewallet,telegram,,PT Registrasi Neva Angkasa (IANA 1),,,1791334201,14.9,,tlp:clear
PH-2026-00014,hxxps://tng[.]jkmss-a[.]sbs/Rayamacam2.my,14456ea72249be7b2362a54b42bd0bbec750e0b12dbe298f5389a6cff6c40cd5,jkmss-a[.]sbs,1791279262,1791279262,reported,Slate E-Wallet,ewallet,qr,,,AS13335,,,,,tlp:clear
PH-2026-00013,hxxps://touch-n-go4[.]dirham[.]click/,c70e4f44c7b4bc8c51c2a1333aa799d8602ac1af703b97e89c08b02b3bff0217,dirham[.]click,1791278822,1791278822,validated,Slate E-Wallet,ewallet,qr,,"NameSilo, LLC (IANA 1479)",AS13335,,,,misp:fake-website lure:reward-claim,tlp:clear
PH-2026-00012,hxxps://bantuantngonline[.]blogspot[.]com/?m=1,f98d5d856f0b2062c3149982b60a8c25fb7960a0bb8e976337350e8bc905c065,bantuantngonline[.]blogspot[.]com,1791188540,1791188540,reported,,,whatsapp,,,AS15169,US,,,,tlp:clear
PH-2026-00011,hxxps://apply8[.]registernowtodays[.]com/,4f2458eb9c4672060f29e5ef30032926bff1feb8698b7587aa1ec45aeb8286b1,registernowtodays[.]com,1791166784,1791166784,reported,Sand Government Service,gov,whatsapp,,CV. Rumahweb Indonesia (IANA 1675),AS13335,,,,lure:subsidy hosting:cdn-fronted misp:sector-government misp:fake-website,tlp:clear
PH-2026-00010,hxxps://bantuan-tng[.]my-apy[.]com/my?utm_campaign=brand_awareness_2026&utm_creative_format=mobile_interstitial&device=desktop&gclid=GL_4538f3c7e46fbac83d24e207&variant_id=B&utm_source_platform=manual_gen&lang=id&utm_content=video_short&utm_term=beli_sekarang_diskon&utm_id=CAMP_823&session_id=uja06830998602,cad28c2512ba91e865458f9d6f8a10dc8884d5805f7ad9b4043977698753c155,my-apy[.]com,1791162877,1791162877,reported,Slate E-Wallet,ewallet,qr,,"Spaceship, Inc. (IANA 3862)",AS13335,,,,lure:reward-claim,tlp:clear
PH-2026-00009,hxxps://semakbantuan[.]app-gy[.]com/mykd,75be63793ad6a142e02acd7ecd65823695bacf52b2570297dcc900d6f0b71d23,app-gy[.]com,1790938634,1790938634,reported,Coral Government Service,gov,telegram,,"Spaceship, Inc. (IANA 3862)",AS13335,,,,lure:subsidy,tlp:clear
PH-2026-00008,hxxps://register[.]nt1-my[.]com/ap,8a0a654f6510f31981246e96d103ba446a7a36e3823db979bf614e98b65f5708,nt1-my[.]com,1790932679,1790932679,validated,Amber Government Service,gov,telegram,,"Spaceship, Inc. (IANA 3862)",AS13335,,,,,tlp:clear
PH-2026-00007,hxxps://tinyurl[.]com/3yfbkuu6,cec685f28dfdf07da04493cf8265c019d6105f437405b3a0c75f7ad17868726f,tinyurl[.]com,1790925490,1790925490,validated,Slate E-Wallet,ewallet,,,Tucows Domains Inc. (IANA 69),AS13335,US,,,lure:reward-claim,tlp:clear
PH-2026-00006,hxxps://shorturl[.]at/StzFI,4a10a1f243eb6af99d136bf0ea1e57802897fbc1ef0b5ae9c92dfb25fb8133ab,shorturl[.]at,1790923883,1790923883,validated,Slate E-Wallet,ewallet,,,,AS13335,ID,,,lure:reward-claim,tlp:clear
PH-2026-00003,hxxps://tngdigital[.]my-com[.]app/money?data=abcdefghijklmnopqrstuvwxyz1234567890&session=99887766554433221100alphaomega&tracking=marketing_digital_transformation_high_priority_campaign_node_001&auth=zxyvutswrqponmlkjihgfedcba_1234567890_security_verified_standard_encryption&source=offline_print_advertisement_billboard_flyer_brochure_v2&status=active_verified_system_access_high_density_module_matrix_version_40,bb85fcce845b504e7b18c34a154565b50bebb8c465090d605e17901199f1bfae,my-com[.]app,1790892466,1791088838,reported,Slate E-Wallet,ewallet,qr,,"Name.com, Inc. (IANA 625)",AS55688,ID,,,lure:reward-claim,tlp:clear
PH-2026-00003,hxxps://moneypocket[.]my-com[.]app/my?data=abcdefghijklmnopqrstuvwxyz1234567890&session=99887766554433221100alphaomega&tracking=marketing_digital_transformation_high_priority_campaign_node_001&auth=zxyvutswrqponmlkjihgfedcba_1234567890_security_verified_standard_encryption&source=offline_print_advertisement_billboard_flyer_brochure_v2&status=active_verified_system_access_high_density_module_matrix_version_40,63b18e98b2f269fc79740235bccd4313c104bfd561be18b99730978d5ac01e17,my-com[.]app,1790916218,1791088838,reported,Slate E-Wallet,ewallet,qr,,"Name.com, Inc. (IANA 625)",AS55688,ID,,,lure:reward-claim,tlp:clear
PH-2026-00001,hxxps://bantuan-malaysia[.]biz[.]id/001,f35b8cb5ee5e64a3dcef5a35a1b1e3eeeb3bc3d0b6c262060b6542c700db6599,bantuan-malaysia[.]biz[.]id,1790865681,1790865681,reported,Sand Government Service,gov,other,,PT Dewabisnis Digital Indonesia (IANA 1),AS13335,,,,lure:subsidy,tlp:clear
PH-2026-00001,hxxps://bantuan-malaysia[.]biz[.]id/9,b9bc7895f954d0e75519dbdb4308aba043dd94f7a06fbf9894132a0c4dd93c7a,bantuan-malaysia[.]biz[.]id,1790880072,1790880072,reported,Sand Government Service,gov,other,,PT Dewabisnis Digital Indonesia (IANA 1),AS13335,,,,lure:subsidy,tlp:clear
PH-2026-00001,hxxps://bantuan-malaysia[.]biz[.]id/00011,5bd857732e5efd8a6179dbdd9d6d24f0892bf53bcbe503973f91496720865497,bantuan-malaysia[.]biz[.]id,1790894444,1790894444,reported,Sand Government Service,gov,other,,PT Dewabisnis Digital Indonesia (IANA 1),AS13335,,,,lure:subsidy,tlp:clear
PH-2026-00001,hxxps://bantuan-malaysia[.]biz[.]id/00012,acd3ebbd73688f0910ed19fe6b9bf70a792333101e115ea75f38e47538ec5026,bantuan-malaysia[.]biz[.]id,1791412299,1791412299,reported,Sand Government Service,gov,other,,PT Dewabisnis Digital Indonesia (IANA 1),AS13335,,,,lure:subsidy,tlp:clear
PH-2026-00001,hxxps://bantuan-malaysia[.]biz[.]id/0005,4d96bad2557fd817a7b5fabd2beb4664c7d1ae6590bc6ccbe4bbf7ec09ced369,bantuan-malaysia[.]biz[.]id,1791412318,1791412318,reported,Sand Government Service,gov,other,,PT Dewabisnis Digital Indonesia (IANA 1),AS13335,,,,lure:subsidy,tlp:clear
PH-2026-00001,hxxps://bantuan-malaysia[.]biz[.]id/0033,367321992057ab8e2ad208294a60d148b6504000c19bf983ee0662df7870374b,bantuan-malaysia[.]biz[.]id,1791412354,1791412354,reported,Sand Government Service,gov,other,,PT Dewabisnis Digital Indonesia (IANA 1),AS13335,,,,lure:subsidy,tlp:clear
